post_title,post_name,post_parent,ID,post_content,post_excerpt,post_status,post_password,menu_order,post_date,post_author,comment_status,sku,parent_sku,children,downloadable,virtual,stock,regular_price,sale_price,weight,length,width,height,tax_class,visibility,stock_status,backorders,sold_individually,low_stock_amount,manage_stock,tax_status,upsell_ids,crosssell_ids,purchase_note,sale_price_dates_from,sale_price_dates_to,download_limit,download_expiry,product_url,button_text,images,downloadable_files,product_page_url,meta:total_sales,tax:product_type,tax:product_visibility,tax:product_cat,tax:product_tag,tax:product_shipping_class,tax:fb_product_set
"K380 KEYBOARD",k380-multi-device-bluetooth-keyboard,,17,"Dimensions
Height: 4.88 in (124 mm)
Width: 10.98 in (279 mm)
Depth: 0.63 in (16 mm)
Weight: 14.92 oz (423 g) including batteries
Technical Specifications
Connection Type: Bluetooth Classic (3.0)
Wireless range: 10 m (33ft) 1Wireless range may vary due to environmental and computing conditions
Customization software
Logi Options  for Windows (Windows 7,8,10 or later)
Logi Options  for Mac (OS X 10.8 or later)
Battery: 2 x AAA
Battery: 24 months
Indicator Lights (LED): Battery LED, 3 Bluetooth channel LEDs
Special Keys: Hotkeys (Home, Back, App-switch, Contextual Menu), Easy-Switch™
Connect / Power: iPad mini® (5th gen)","Meet K380. A multi-device keyboard with a small footprint and quiet typing for computers, tablets and phone, at home or on-the-go.",publish,,0,"2022-12-23 13:59:19",1,open,27iPad,,,no,no,10,40,,,,,,,,instock,no,no,,yes,taxable,,,,,,'-1,'-1,,,"http://localhost/ecs/wp-content/uploads/2022/12/k380-lavender-gallery-1-us.png ! alt :  ! title : k380-lavender-gallery-1-us.png ! desc :  ! caption : ",,http://localhost/ecs/product/k380-multi-device-bluetooth-keyboard/,0,simple,,"Category|Category > MICE & KEYBOARDS > iPad Keyboards|Category > MICE & KEYBOARDS > Keyboards|Category > MICE & KEYBOARDS",Bluetooth|iPad,,
"LITRA GLOW",litra-glow,,21,"Dimensions
With Monitor Mount, Full Extension
Height: 14.41 in (365.9 mm)
Width: 3.56 in (90.5 mm)
Depth: 1.71 in (43.5 mm)
Weight: 6.24 oz (177 g)
Without Monitor Mount
Height: 3.56 in (90.5 mm)
Width: 3.56 in (90.5 mm)
Depth: 1.08 in (27.5 mm)
Weight: 3.49 oz (99 g)
Cable length
4.92 ft (1.5 m) USB C to USB A cable
Technical Specifications
Color Temperature Range: 2700K - 6500K (Kelvin)
Output: 250 Lumen max output optimized for desktop streaming
Color Rendering Index: 93 CRI 1Measured by independent Logitech study, April 2021.
Lens: Precision Sculpted Optics Lens
Diffuser: Proprietary Frameless Diffuser
Optional Software: Compatible with Logitech G HUB Software for On/Off, brightness, color temperature, presets and G Key assignments
Monitor Mount
4 inch (101.6 mm)vertical telescoping
2 inch (50.8 mm) horizontal extension
360 degree swivel top
Includes cable management
Removable to reveal ¼-20 threads for mounting Litra Glow on standard tripods","Premium LED Streaming Light with TrueSoft
",publish,,0,"2022-12-23 13:59:21",1,open,29Ligh,,,no,no,20,60,,,,,,,,instock,no,no,,yes,taxable,,,,,,'-1,'-1,,,"http://localhost/ecs/wp-content/uploads/2022/12/litra-glow-streaming-light-back-view-graphite.png ! alt :  ! title : litra-glow-streaming-light-back-view-graphite.png ! desc :  ! caption : ",,http://localhost/ecs/product/litra-glow/,0,simple,,"Category|Category > STREAMING > Lighting|Category > STREAMING",Lighting,,
"LITRA BEAM",litra-beam,,23,"Dimensions
Litra Beam Light
Height: 15.75 in (400 mm)
Width: 1.18 in (30 mm)
Depth: 1.18 in (30 mm)
Weight: 6.52 oz (185 g)
Arm
Extended: 24.21 in (61.5 cm)
Collapsed: 14.57 in (37 cm)
Weight: 8.32 oz (236 g)
Base
Diameter: 5.91 in (150 mm)
Height: 0.63 in (16 mm)
Weight: 23.17 oz (657 g)
Cable
Length: 4.92 ft (1.5 m) USB-C to USB-A cable
Technical Specifications
Litra Beam Light
Color Temperature Range: 2700-6500K (Kelvin)
Output: 400 lumen max output optimized for desktop streaming
Color Rendering Index: 93 CRI 1Measured by independent Logitech study, Jan. 2022
Lens: Precision Sculpted Optics Lens
Diffuser: Proprietary Frameless Diffuser
Optional software: Compatible with Logitech G HUB Software for On/Off, brightness, color temperature, presets and G Key assignments
Desktop Mount
9.64 in vertical telescoping
¼-20 rotatable mount
Includes cable management in base
3 ¼-20 threads for mounting Litra Beam to the arm to achieve desired lighting positions","Built for streaming, the Logitech Litra Beam desktop key light with TrueSoft technology makes it easy to achieve professional lighting effects. Direct light where you want it for a cinematic look. Easily swap between lighting techniques to express different moods. Whether you’re shooting a YouTube video, streaming on Twitch or just working from home, Litra Beam ensures you always look your best.",publish,,0,"2022-12-23 13:59:21",1,open,30Ligh,,,no,no,0,100,,,,,,,,outofstock,no,no,,yes,taxable,,,,,,'-1,'-1,,,"http://localhost/ecs/wp-content/uploads/2022/12/litra-beam-lighting-front-view-graphite.png ! alt :  ! title : litra-beam-lighting-front-view-graphite.png ! desc :  ! caption : ",,http://localhost/ecs/product/litra-beam/,0,simple,outofstock,"Category|Category > STREAMING > Lighting|Category > STREAMING",Lighting,,
"SIGNATURE M650",signature-m650,,25,"Signature M650
Height : 108.2 mm
Width : 61 mm
Thickness : 38.8 mm
Weight : 101.4 g","Upgrade for smarter, more comfortable, and more efficient scrolling. The Signature M650 includes SmartWheel scrolling that delivers the precision or speed right when you need it.",publish,,0,"2022-12-23 13:59:22",1,open,31Mice,,,no,no,30,89,,,,,,,,instock,no,no,,yes,taxable,,,,,,'-1,'-1,,,"http://localhost/ecs/wp-content/uploads/2022/12/SIGNATURE-M650.png ! alt :  ! title : SIGNATURE-M650.png ! desc :  ! caption : ",,http://localhost/ecs/product/signature-m650/,0,simple,,"Category|Category > MICE & KEYBOARDS > Mice|Category > MICE & KEYBOARDS",Mice,,
LIFT,lift,,27,"Height : 71 mm
Width : 70 mm
Thickness : 108 mm
Weight : 125 g
Specifications
Sensor technology
Sensor Type : Logitech Advanced Optical Tracking
Dpi Range : 400-4000 dpi (Fully customizable in 100 DPI increments)
Nominal Value : 1000 DPI
Knot
Number of buttons : 6 (Left/right click, Back/Continue, Center button, Scroll button with middle click button)
","Raise your hand comfortably. Adjust into a more natural posture. And relax to focus all day long with the Lift Ergonomic Mouse - an ideal fit for small to medium-sized hands, with a choice of left-handed mice.",publish,,0,"2022-12-23 13:59:23",1,open,32Mice,,,no,no,30,67,,,,,,,,instock,no,no,,yes,taxable,,,,,,'-1,'-1,,,"http://localhost/ecs/wp-content/uploads/2022/12/LIFT.png ! alt :  ! title : LIFT.png ! desc :  ! caption : ",,http://localhost/ecs/product/lift/,0,simple,,"Category|Category > MICE & KEYBOARDS > Mice|Category > MICE & KEYBOARDS",Mice,,
"SILENT WIRELESS MICE M221",silent-wireless-mice-m221,,29,"Mouse
Height : 99 mm
Width : 60 mm
Thickness : 39 mm
Weight (with battery) : 75.2 g
USB receiver
Height : 18.7 mm
Width : 14.4 mm
Thickness : 6.1 mm
Weight : 1.8 g","The wireless mouse is quiet, comfortable and easy to use",publish,,0,"2022-12-23 13:59:24",1,open,33Mice,,,no,no,30,41,,,,,,,,instock,no,no,,yes,taxable,,,,,,'-1,'-1,,,"http://localhost/ecs/wp-content/uploads/2022/12/SILENT-WIRELESS-MICE-M221.png ! alt :  ! title : SILENT-WIRELESS-MICE-M221.png ! desc :  ! caption : ",,http://localhost/ecs/product/silent-wireless-mice-m221/,0,simple,,"Category|Category > MICE & KEYBOARDS > Mice|Category > MICE & KEYBOARDS",Mice,,
"PEBBLE M350",pebble-m350,,31,"Mouse parameters
Height : 26.5 mm
Width : 59 mm
Thickness : 107 mm
Weight (with battery) : 100 g
Nano receiver
Height : 18.7 mm
Width : 14.4 mm
Thickness : 6.1 mm
Weight : 1.8 g","Turn any space into minimalism, modernity and tranquility with Pebble. It's a portable mouse that will go wherever life takes you - with a smooth natural shape and silent clicking and scrolling, so you can focus on your workflow without distractions. those around.",publish,,0,"2022-12-23 13:59:25",1,open,34Mice,,,no,no,30,50,,,,,,,,instock,no,no,,yes,taxable,,,,,,'-1,'-1,,,"http://localhost/ecs/wp-content/uploads/2022/12/PEBBLE-M350.png ! alt :  ! title : PEBBLE-M350.png ! desc :  ! caption : ",,http://localhost/ecs/product/pebble-m350/,0,simple,,"Category|Category > MICE & KEYBOARDS > Mice|Category > MICE & KEYBOARDS",Mice,,
"POP MOUSE",pop-mouse,,33,"Height : 104.8 mm
Width : 59.4 mm
Thickness : 35.2 mm
Weight (with battery) : 82 grams
Specifications
Sensor technology
Sensor Technology: Logitech High Precision Optical Tracking
Dpi range : 1000-4000, nominal value 1000 dpi","Learn about the fun, super-quiet POP Wireless Mouse, designed to highlight your personality in your workspace. Choose your favorite POP Mouse from a range of designs from Logitech, personalize POP Mouse with fun emoji customization.",publish,,0,"2022-12-23 13:59:27",1,open,35Mice,,,no,no,30,33,,,,,,,,instock,no,no,,yes,taxable,,,,,,'-1,'-1,,,"http://localhost/ecs/wp-content/uploads/2022/12/POP-MOUSE.png ! alt :  ! title : POP-MOUSE.png ! desc :  ! caption : ",,http://localhost/ecs/product/pop-mouse/,0,simple,,"Category|Category > MICE & KEYBOARDS > Mice|Category > MICE & KEYBOARDS",Mice,,
"M325 WIRELESS MOUSE",m325-wireless-mouse,,35,"Mouse
Height : 94.7 mm
Width : 57 mm
Thickness : 39.1 mm
Weight (with battery) : 93 g
USB receiver
Height : 14.4 mm
Width : 18.7 mm
Thickness : 6.1 mm
Weight : 1.8 g","The compact, portable Wireless Mouse M325 includes ultra-precise scrolling and tilt buttons for speed and precision. Easy to use and compatible with all major operating systems, it's ready to work in moments.
",publish,,0,"2022-12-23 13:59:28",1,open,36Mice,,,no,no,30,49,,,,,,,,instock,no,no,,yes,taxable,,,,,,'-1,'-1,,,"http://localhost/ecs/wp-content/uploads/2022/12/m325-dark-grey-gallery-1.png ! alt :  ! title : m325-dark-grey-gallery-1.png ! desc :  ! caption : ",,http://localhost/ecs/product/m325-wireless-mouse/,0,simple,,"Category|Category > MICE & KEYBOARDS > Mice|Category > MICE & KEYBOARDS",Mice,,
"M585 MULTI-DEVICE",m585-multi-device,,37,"Mouse
Height : 103 mm
Width : 64 mm
Thickness : 40 mm
Weight (with battery) : 101 g
Logitech Unifying Receiver
Height : 14.4 mm
Width : 18.7 mm
Thickness : 6.1 mm
Weight : 1.8 g","Powerful, precise and quiet, the M585 is designed to perform, and so can you. With its curvaceous, right-handed shape, compact design and long battery life - so you can work anywhere. In addition, there are 5 programmable buttons, dual connectivity, and multi-device workflow.",publish,,0,"2022-12-23 13:59:32",1,open,37Mice,,,no,no,30,30,,,,,,,,instock,no,no,,yes,taxable,,,,,,'-1,'-1,,,"http://localhost/ecs/wp-content/uploads/2022/12/m585-gallery-graphite-1.png ! alt :  ! title : m585-gallery-graphite-1.png ! desc :  ! caption : ",,http://localhost/ecs/product/m585-multi-device/,0,simple,,"Category|Category > MICE & KEYBOARDS > Mice|Category > MICE & KEYBOARDS",Mice,,
"MX MASTER 3S",mx-master-3s,,39,"Mouse MX Master 3S
Height : 124.9 mm
Width : 84.3 mm
Thickness : 51 mm
Weight : 141 g
Logi Bolt . USB Receiver
Height : 18.4 mm
Width : 14.4 mm
Thickness : 6.6 mm
Weight : 2 g","Performance wireless mouse",publish,,0,"2022-12-23 13:59:34",1,open,38Mice,,,no,no,30,19,,,,,,,,instock,no,no,,yes,taxable,,,,,,'-1,'-1,,,"http://localhost/ecs/wp-content/uploads/2022/12/mx-master-3s-mouse-top-view-graphite.png ! alt :  ! title : mx-master-3s-mouse-top-view-graphite.png ! desc :  ! caption : ",,http://localhost/ecs/product/mx-master-3s/,0,simple,,"Category|Category > MICE & KEYBOARDS > Mice|Category > MICE & KEYBOARDS",Mice,,
"PORTABLE M187",wireless-ultra-portable-m187,,41,"Mouse
Height : 81.9 mm
Width : 49.4 mm
Thickness : 31.8 mm
Weight (with battery) : 51.9 g
Receiver
Height : 14.4 mm
Width : 18.7 mm
Thickness : 6.1 mm
Weight : 1.8 g","M187 Ultra Portable Wireless Mouse (M187 Ultra Portable Wireless Mouse). Take it with you wherever you take your laptop—thanks to its ultra-compact pocket design and plug-and-play nano receiver. Enjoy wireless comfort with more precision and control than a laptop trackpad.",publish,,0,"2022-12-23 13:59:35",1,open,40Mice,,,no,no,30,15,,,,,,,,instock,no,no,,yes,taxable,,,,,,'-1,'-1,,,"http://localhost/ecs/wp-content/uploads/2022/12/m187-gallery-black-1-new.png ! alt :  ! title : m187-gallery-black-1-new.png ! desc :  ! caption : ",,http://localhost/ecs/product/wireless-ultra-portable-m187/,0,simple,,"Category|Category > MICE & KEYBOARDS > Mice|Category > MICE & KEYBOARDS",Mice,,
"M190 WIRELESS",m190-full-size-wireless-mouse,,43,"Mouse parameters
Height : 115.4 mm
Width : 66.1 mm
Thickness : 40.3 mm
Weight (with battery) : 89.9 g","The Logitech M190 is a full-size wireless mouse with a comfortable, curvaceous design that follows the natural curve of medium to large hands, allowing you to work wirelessly and move freely with most hands. like no delay or loss of connection.",publish,,0,"2022-12-23 13:59:35",1,open,41Mice,,,no,no,30,16,,,,,,,,instock,no,no,,yes,taxable,,,,,,'-1,'-1,,,"http://localhost/ecs/wp-content/uploads/2022/12/m190-wireless-mouse-charcoal-gallery-01.png ! alt :  ! title : m190-wireless-mouse-charcoal-gallery-01.png ! desc :  ! caption : ",,http://localhost/ecs/product/m190-full-size-wireless-mouse/,0,simple,,"Category|Category > MICE & KEYBOARDS > Mice|Category > MICE & KEYBOARDS",Mice,,
"M720 TRIATHLON",m720-triathlon,,45,"Mouse
Height : 115 mm
Width : 74 mm
Thickness : 45 mm
Weight (with battery) : 135 g with AA . battery
Logitech Unifying Receiver
Height : 14.4 mm
Width : 18.7 mm
Thickness : 6.1 mm
Weight : 1.8 g","Introducing a precision mouse built for exceptional comfort, durability and versatility. With more control, two scroll modes, adjustable dpi tracking, the M720 gives you the power to conquer any task.",publish,,0,"2022-12-23 13:59:36",1,open,42Mice,,,no,no,30,21,,,,,,,,instock,no,no,,yes,taxable,,,,,,'-1,'-1,,,"http://localhost/ecs/wp-content/uploads/2022/12/m720-gallery-1a.png ! alt :  ! title : m720-gallery-1a.png ! desc :  ! caption : ",,http://localhost/ecs/product/m720-triathlon/,0,simple,,"Category|Category > MICE & KEYBOARDS > Mice|Category > MICE & KEYBOARDS",Mice,,
"LOGITECH MOUSE PAD",logitech-mouse-pad-studio-series,,47,"Touchpad
Height : 200 mm
Width : 230 mm
Thickness : 2mm
Weight : 73 g","Introducing a soft, smooth, non-slip trackpad that takes your workspace to the next level. Made from premium materials, the Logitech Trackpad gives you the gliding comfort you need from your favorite Logitech Mouse.",publish,,0,"2022-12-23 13:59:37",1,open,43Mice,,,no,no,30,18,,,,,,,,instock,no,no,,yes,taxable,,,,,,'-1,'-1,,,"http://localhost/ecs/wp-content/uploads/2022/12/logitech-mouse-pad-studio-series-typing-view-blue-grey.png ! alt :  ! title : logitech-mouse-pad-studio-series-typing-view-blue-grey.png ! desc :  ! caption : ",,http://localhost/ecs/product/logitech-mouse-pad-studio-series/,0,simple,,"Category|Category > MICE & KEYBOARDS > Mice|Category > MICE & KEYBOARDS",Mice,,
"LOGITECH DESK MAT",logitech-desk-mat-studio-series,,49,"Desk mats
Wireless headphones : 300 mm
Travel bag : 700 mm
Thickness : 2mm
: 286 g","Introducing an accessory that takes your workspace to the next level, the perfect complement to your Logitech tools. Get the fresh colors you want, the comfort you need and the level of desk protection you expect.

",publish,,0,"2022-12-23 13:59:38",1,open,44Mice,,,no,no,30,11,,,,,,,,instock,no,no,,yes,taxable,,,,,,'-1,'-1,,,"http://localhost/ecs/wp-content/uploads/2022/12/logitech-desk-mat-studio-series-typing-view-mid-grey.png ! alt :  ! title : logitech-desk-mat-studio-series-typing-view-mid-grey.png ! desc :  ! caption : ",,http://localhost/ecs/product/logitech-desk-mat-studio-series/,0,simple,,"Category|Category > MICE & KEYBOARDS > Mice|Category > MICE & KEYBOARDS",Mice,,
"LOGI USB-C TO A ADAPTOR",logi-usb-c-to-a-adaptor,,51,"Adapters
Height : 27.5 mm
Width : 16.4 mm
Thickness : 9.2 mm
Weight : 22 g","Adapts to any Logitech Type-A wireless USB 2.0 receiver or USB-A cord used in the USB-C port. For when you don't have a USB Type-A port but still want to use Logitech's advanced 2.4 GHz wireless USB receiver, Logitech Unifying, or Logi Bolt.",publish,,0,"2022-12-23 13:59:39",1,open,45Mice,,,no,no,30,11,,,,,,,,instock,no,no,,yes,taxable,,,,,,'-1,'-1,,,"http://localhost/ecs/wp-content/uploads/2022/12/logi-usb-adapter-gallery-02.png ! alt :  ! title : logi-usb-adapter-gallery-02.png ! desc :  ! caption : ",,http://localhost/ecs/product/logi-usb-c-to-a-adaptor/,0,simple,,"Category|Category > MICE & KEYBOARDS > Mice|Category > MICE & KEYBOARDS",Mice,,
"LOGI BOLT USB RECEIVER",logi-bolt-usb-receiver,,53,"USB receiver
Height : 18.4 mm
Width : 14.4 mm
Thickness : 6.6 mm
Weight : 2 g","Use this Logi Bolt USB receiver to create a secure, high-performance wireless connection between your mouse, keyboard, or Logi Bolt wireless duo and your computer.",publish,,0,"2022-12-23 13:59:40",1,open,46Mice,,,no,no,30,10,,,,,,,,instock,no,no,,yes,taxable,,,,,,'-1,'-1,,,"http://localhost/ecs/wp-content/uploads/2022/12/logi-bolt-usb-receiver-gallery-01.png ! alt :  ! title : logi-bolt-usb-receiver-gallery-01.png ! desc :  ! caption : ",,http://localhost/ecs/product/logi-bolt-usb-receiver/,0,simple,,"Category|Category > MICE & KEYBOARDS > Mice|Category > MICE & KEYBOARDS",Mice,,
"ADVANCED MK545",advanced-mk545,,55,"Keyboard
Height : 193.5 mm
Width : 457.3 mm
Thickness : 24 mm
Weight (without battery) : 654 g
Mouse
Height : 65 mm
Width : 120 mm
Thickness : 41 mm
Weight : 83g
","Supported by Logi Options  on macOS 10.15 and later and Windows 10 and later.",publish,,0,"2022-12-23 13:59:41",1,open,47Comb,,,no,no,30,18,,,,,,,,instock,no,no,,yes,taxable,,,,,,'-1,'-1,,,"http://localhost/ecs/wp-content/uploads/2022/12/mk545-gallery-1.png ! alt :  ! title : mk545-gallery-1.png ! desc :  ! caption : ",,http://localhost/ecs/product/advanced-mk545/,0,simple,,"Category|Category > MICE & KEYBOARDS > Combo|Category > MICE & KEYBOARDS",Combo,,
"MK295 SILENT WIRELESS COMBO",mk295-silent-wireless-combo,,57,"Keyboard
Height : 149 mm
Width : 441 mm
Thickness : 18 mm
Weight (with battery) : 498 g
Mouse
Height : 99 mm
Width : 60 mm
Thickness : 39 mm
Weight (with battery) : 75.2 g
","Introducing Logitech's MK295 Quiet Wireless Duo - with SilentTouch, Logitech's proprietary technology that eliminates over 90% of mouse and keyboard noise. It gives the same click and tap feel of the world's best-selling duo without the distracting knock and click",publish,,0,"2022-12-23 13:59:45",1,open,48Comb,,,no,no,30,19,,,,,,,,instock,no,no,,yes,taxable,,,,,,'-1,'-1,,,"http://localhost/ecs/wp-content/uploads/2022/12/mk295-graphite-gallery-01-new.png ! alt :  ! title : mk295-graphite-gallery-01-new.png ! desc :  ! caption : ",,http://localhost/ecs/product/mk295-silent-wireless-combo/,0,simple,,"Category|Category > MICE & KEYBOARDS > Combo|Category > MICE & KEYBOARDS",Combo,,
"MK345 AND MOUSE",mk345-comfort-wireless-keyboard-and-mouse-combo,,59,"Keyboard
Height : 186.7 mm
Width : 447.2 mm
Thickness : 21.4 mm
Weight : 603 g
Mouse
Height : 105.4 mm
Width : 67.9 mm
Thickness : 38.4 mm
Weight : 86.4 g","Comfortable wireless duo with armrests",publish,,0,"2022-12-23 13:59:46",1,open,49Comb,,,no,no,30,25,,,,,,,,instock,no,no,,yes,taxable,,,,,,'-1,'-1,,,"http://localhost/ecs/wp-content/uploads/2022/12/mk345-gallery-1-new.png ! alt :  ! title : mk345-gallery-1-new.png ! desc :  ! caption : ",,http://localhost/ecs/product/mk345-comfort-wireless-keyboard-and-mouse-combo/,0,simple,,"Category|Category > MICE & KEYBOARDS > Combo|Category > MICE & KEYBOARDS",Combo,,
"MK235 AND MOUSE",mk235-wireless-keyboard-and-mouse-combo,,61,"Keyboard
Height : 137.5 mm
Width : 435.5 mm
Thickness : 20.5 mm
Weight : 475 g
Mouse
Height : 97.7 mm
Width : 61.5 mm
Thickness : 35.2 mm
Weight : 70.5 g","This duo delivers all the functionality you need in a comfortable, durable design that's easy to use and keeps your space neat and clean. Built with Logitech's renowned quality standards, the MK235 Wireless Duo will stand the test of time.",publish,,0,"2022-12-23 13:59:47",1,open,50Comb,,,no,no,30,23,,,,,,,,instock,no,no,,yes,taxable,,,,,,'-1,'-1,,,"http://localhost/ecs/wp-content/uploads/2022/12/mk235-gallery-01-new.png ! alt :  ! title : mk235-gallery-01-new.png ! desc :  ! caption : ",,http://localhost/ecs/product/mk235-wireless-keyboard-and-mouse-combo/,0,simple,,"Category|Category > MICE & KEYBOARDS > Combo|Category > MICE & KEYBOARDS",Combo,,
"MK200 AND MOUSE",mk200-media-corded-keyboard-and-mouse-combo,,63,"Keyboard
Height : 155 mm
Width : 450 mm
Thickness : 18 mm
Weight : 550g
Cord length : 180cm
Mouse
Height : 113 mm
Width : 62 mm
Thickness : 38 mm
Weight : 90 g
Cord length : 180cm","Just plug in this well-balanced wired mouse and full-sized keyboard via USB and get to work in a snap. The keyboard includes an integrated numeric keypad, complemented by eight easy media access keys, while the mouse provides comfortable palm rest and smooth tracking, making navigating every day becomes easy",publish,,0,"2022-12-23 13:59:47",1,open,51Comb,,,no,no,30,39,,,,,,,,instock,no,no,,yes,taxable,,,,,,'-1,'-1,,,"http://localhost/ecs/wp-content/uploads/2022/12/mk200-gallery-01-new.png ! alt :  ! title : mk200-gallery-01-new.png ! desc :  ! caption : ",,http://localhost/ecs/product/mk200-media-corded-keyboard-and-mouse-combo/,0,simple,,"Category|Category > MICE & KEYBOARDS > Combo|Category > MICE & KEYBOARDS",Combo,,
"ZONE VIBE 100",zone-vibe-100,,65,"Headphone
Height : 183.0 mm
Width : 169.7 mm
Thickness : 73 mm
Weight : 185 g
Earplugs
Height : 98.6 mm
Width : 75.4 mm
Thickness : 19.3 mm","Experience immersive audio with the Zone Vibe 100 wireless headphones. Professional enough for the office. Comfortable enough for the family. Designed for learning and gaming.",publish,,0,"2022-12-23 13:59:48",1,open,52Head,,,no,no,30,106,,,,,,,,instock,no,no,,yes,taxable,,,,,,'-1,'-1,,,"http://localhost/ecs/wp-content/uploads/2022/12/zone-vibe-100-gallery-white-1-1.png ! alt :  ! title : zone-vibe-100-gallery-white-1 ! desc :  ! caption : ",,http://localhost/ecs/product/zone-vibe-100/,0,simple,,"Category|Category > HEADSETS & SPEAKERS > Headsets & Earbuds|Category > HEADSETS & SPEAKERS","Headsets &amp; Earbuds",,
H390,h390-usb-computer-headset,,67,"Height : 171 mm
Width : 151 mm
Thickness : 68 mm
Weight : 0.197 kg
Cord length : 1.9 m","The H390 USB computer headset lets you experience crystal-clear Internet calling with its plug-and-play USB-A connection and noise-cancelling mic. In-line controls let you control volume or mute without interrupting calls.",publish,,0,"2022-12-23 13:59:49",1,open,53Head,,,no,no,30,17,,,,,,,,instock,no,no,,yes,taxable,,,,,,'-1,'-1,,,"http://localhost/ecs/wp-content/uploads/2022/12/h390-gallery-01.png ! alt :  ! title : h390-gallery-01.png ! desc :  ! caption : ",,http://localhost/ecs/product/h390-usb-computer-headset/,0,simple,,"Category|Category > HEADSETS & SPEAKERS > Headsets & Earbuds|Category > HEADSETS & SPEAKERS","Headsets &amp; Earbuds",,
"COMPUTER SPEAKER Z407",computer-speaker-bluetooth-z407,,69,"Satellite
Height : 199.9 mm
Width : 93.9 mm
Thickness : 85.2 mm
Weight : 389.6 g
Woofer
Height : 240 mm
Width : 234 mm
Thickness : 180 mm
Weight : 2450.6 g
Wireless control dial
Diameter : 69.9 mm
Height : 29.4 mm
Weight : 51.8 g","The 80-watt power supply engages in precise digital signal processing (DSP) to deliver immersive, true-to-life sound. Hear clear highs, powerful mids and lows, and all the bass you can handle.",publish,,0,"2022-12-23 13:59:50",1,open,54Comp,,,no,no,30,11,,,,,,,,instock,no,no,,yes,taxable,,,,,,'-1,'-1,,,"http://localhost/ecs/wp-content/uploads/2022/12/z407-gallery-01.png ! alt :  ! title : z407-gallery-01.png ! desc :  ! caption : ",,http://localhost/ecs/product/computer-speaker-bluetooth-z407/,0,simple,,"Category|Category > HEADSETS & SPEAKERS > Computer speaker|Category > HEADSETS & SPEAKERS","Computer speaker",,
"Z607 URROUND SOUND",z607-5-1-surround-sound-speaker-system,,71,"Woofer
Height : 297 mm
Width : 193 mm
Thickness : 267 mm
Weight : 3.5 kg
Satellite speakers
Height : 178 mm
Width : 110 mm
Thickness : 93 mm
Weight : 0.45 kg
Central channel
Height : 178 mm
Width : 110 mm
Thickness : 93 mm
Weight : 0.42 kg
Remote control
Height : 86 mm
Width : 40 mm
Thickness : 7 mm
Weight : 16.6 g
","Powerful Sound with Bluetooth
",publish,,0,"2022-12-23 13:59:51",1,open,55Comp,,,no,no,30,13,,,,,,,,instock,no,no,,yes,taxable,,,,,,'-1,'-1,,,"http://localhost/ecs/wp-content/uploads/2022/12/z607-gallery-3.png ! alt :  ! title : z607-gallery-3.png ! desc :  ! caption : ",,http://localhost/ecs/product/z607-5-1-surround-sound-speaker-system/,0,simple,,"Category|Category > HEADSETS & SPEAKERS > Computer speaker|Category > HEADSETS & SPEAKERS","Computer speaker",,
"MXM MINI FOR MAC",mx-mechanical-mini-for-mac,,73,"MX Mechanical Mini For Mac
Height: 5.17 in (131.55 mm)
Width: 12.30 in (312.60 mm)
Depth: 1.02 in (26.10 mm), including keycaps
Weight: 21.58 oz (612 g)","A minimalist keyboard with a key layout for Mac with Tactile Quiet low-profile mechanical switches and Smart Backlighting",publish,,0,"2022-12-23 13:59:52",1,open,56Keyb,,,no,no,30,150,,,,,,,,instock,no,no,,yes,taxable,,,,,,'-1,'-1,,,"http://localhost/ecs/wp-content/uploads/2022/12/us-mx-keys-for-mac-gallery-front.png ! alt :  ! title : us-mx-keys-for-mac-gallery-front.png ! desc :  ! caption : ",,http://localhost/ecs/product/mx-mechanical-mini-for-mac/,0,simple,,"Category|Category > MICE & KEYBOARDS > Keyboards|Category > MICE & KEYBOARDS",Keyboards,,
"SIGNATURE K650",signature-k650,,75,"Dimensions
Height: 7.62 in (193.5 mm)
Width: 18.00 in (457.3 mm)
Depth: 0.94 in (24 mm)
Weight: 24.70 oz (700.23 g) w/o receiver (1.8 g) and with 2 AA Alkaline batteries (48.23g)","SIGNATURE K650 fits perfectly into your daily needs at work with upgraded shortcuts and integrated palm rest. Get the comfort you need for long hours at your desk. With a spill-resistant *, easy-to-clean design and up to 36 months of battery life **, you can move it conveniently and easily with no wires in the way.
* Up to 60 ml.
** Battery life may vary based on user and computing conditions.",publish,,0,"2022-12-23 13:59:53",1,open,57Keyb,,,no,no,30,50,,,,,,,,instock,no,no,,yes,taxable,,,,,,'-1,'-1,,,"http://localhost/ecs/wp-content/uploads/2022/12/k650-top-graphite-us.png ! alt :  ! title : k650-top-graphite-us.png ! desc :  ! caption : ",,http://localhost/ecs/product/signature-k650/,0,simple,,"Category|Category > MICE & KEYBOARDS > Keyboards|Category > MICE & KEYBOARDS",Keyboards,,
"MX MECHANICAL",mx-mechanical,,77,"Dimensions
MX MECHANICAL
Height: 1.02 in (26.10 mm), including keycaps
Width: 17.08 in (433.85 mm)
Depth: 5.17 in (131.55 mm)
Weight: 29.20 oz (828 g)","Wireless Illuminated Performance Keyboard",publish,,0,"2022-12-23 13:59:58",1,open,58Keyb,,,no,no,30,170,,,,,,,,instock,no,no,,yes,taxable,,,,,,'-1,'-1,,,"http://localhost/ecs/wp-content/uploads/2022/12/mx-mechanical-keyboard-top-view-graphite-us.png ! alt :  ! title : mx-mechanical-keyboard-top-view-graphite-us.png ! desc :  ! caption : ",,http://localhost/ecs/product/mx-mechanical/,0,simple,,"Category|Category > MICE & KEYBOARDS > Keyboards|Category > MICE & KEYBOARDS",Keyboards,,
"K480 KEYBOARD",k480-bluetooth-multi-device-keyboard,,79,"Dimensions
Height: 7.68 in (195 mm)
Width: 11.77 in (299 mm)
Depth: 0.79 in (20 mm)
Weight: 28.92 oz (820 g)","K480 is a comfortable and space-saving multi-device keyboard that brings better typing to your laptop, tablet or phone. With impressive durability and long battery life, this tightly designed is what everyone needs to multi-task and get more done (from anywhere)..",publish,,0,"2022-12-23 13:59:59",1,open,59Keyb,,,no,no,30,50,,,,,,,,instock,no,no,,yes,taxable,,,,,,'-1,'-1,,,"http://localhost/ecs/wp-content/uploads/2022/12/k480-gallery-white-1-new.png ! alt :  ! title : k480-gallery-white-1-new.png ! desc :  ! caption : ",,http://localhost/ecs/product/k480-bluetooth-multi-device-keyboard/,0,simple,,"Category|Category > MICE & KEYBOARDS > iPad Keyboards|Category > MICE & KEYBOARDS > Keyboards|Category > MICE & KEYBOARDS",Keyboards,,
"MX KEYS FOR MAC",mx-keys-for-mac,,81,"Dimensions
Keyboard
Height: 5.18 in (131.63 mm)
Width: 16.94 in (430.2 mm)
Depth: 0.81 in (20.5 mm)
Weight: 28.57 oz (810 g)
Unifying USB Receiver
Height: 0.72 in (18.4 mm)
Width: 0.57 in (14.4 mm)
Depth: 0.26 in (6.6 mm)
Weight: 0.07 oz (2 g)","Advanced Wireless Illuminated Keyboard",publish,,0,"2022-12-23 14:00:01",1,open,61Keyb,,,no,no,30,120,,,,,,,,instock,no,no,,yes,taxable,,,,,,'-1,'-1,,,"http://localhost/ecs/wp-content/uploads/2022/12/us-mx-keys-for-mac-gallery-3-4-front-1.png ! alt :  ! title : us-mx-keys-for-mac-gallery-3-4-front-1.png ! desc :  ! caption : ",,http://localhost/ecs/product/mx-keys-for-mac/,0,simple,,"Category|Category > MICE & KEYBOARDS > Keyboards|Category > MICE & KEYBOARDS",Keyboards,,
KEYS-TO-GO,keys-to-go,,83,"Dimensions
Height: 5.39 in (137 mm)
Width: 9.53 in (242 mm)
Depth: 0.24 in (6 mm)
Weight: 6.35 oz (180 g)","Ultra-light, ultra-portable Bluetooth® Keyboard for iPhone®, iPad®, Apple TV® and Mac®",publish,,0,"2022-12-23 14:00:02",1,open,62Keyb,,,no,no,30,50,,,,,,,,instock,no,no,,yes,taxable,,,,,,'-1,'-1,,,"http://localhost/ecs/wp-content/uploads/2022/12/keys-to-go-gallery-stone-01-new.png ! alt :  ! title : keys-to-go-gallery-stone-01-new.png ! desc :  ! caption : ",,http://localhost/ecs/product/keys-to-go/,0,simple,,"Category|Category > MICE & KEYBOARDS > Keyboards|Category > MICE & KEYBOARDS",Keyboards,,
"MX KEYS",mx-keys,,85,"Dimensions
MX Keys Keyboard
Height: 5.18 in (131.63 mm)
Width: 16.94 in (430.2 mm)
Depth: 0.81 in (20.5 mm)
Weight: 28.57 oz (810 g)","Advanced Wireless Illuminated Keyboard",publish,,0,"2022-12-23 14:00:03",1,open,63Keyb,,,no,no,30,120,,,,,,,,instock,no,no,,yes,taxable,,,,,,'-1,'-1,,,"http://localhost/ecs/wp-content/uploads/2022/12/us-mx-keys-for-mac-gallery-front.png ! alt :  ! title : us-mx-keys-for-mac-gallery-front.png ! desc :  ! caption : ",,http://localhost/ecs/product/mx-keys/,0,simple,,"Category|Category > MICE & KEYBOARDS > Keyboards|Category > MICE & KEYBOARDS",Keyboards,,
"WIRELESS KEYBOARD K350",wireless-keyboard-k350,,86,"Dimensions
Height: 10.44 in (26.51 cm)
Width: 19.69 in (50 cm)
Depth: 3.09 in (7.84 cm)
Weight: 35.20 oz (998 g)","The K350 Wave combines a dynamic curved design with the familiarity of a straight keyboard. You’ll get the added ergonomic benefits of a cushioned palm rest and wave-shaped keyframe in a familiar keyboard layout and form factor.",publish,,0,"2022-12-23 14:00:04",1,open,64Keyb,,,no,no,30,30,,,,,,,,instock,no,no,,yes,taxable,,,,,,'-1,'-1,,,"http://localhost/ecs/wp-content/uploads/2022/12/k350-gallery-1-v3-new.png ! alt :  ! title : k350-gallery-1-v3-new.png ! desc :  ! caption : ",,http://localhost/ecs/product/wireless-keyboard-k350/,0,simple,,"Category|Category > MICE & KEYBOARDS > Keyboards|Category > MICE & KEYBOARDS",Keyboards,,
"ERGO K860",ergo-k860,,88,"Dimensions
Height: 9.17 in (233 mm)
Width: 17.95 in (456 mm)
Depth: 1.89 in (48 mm)
Weight: 40.92 oz (1160 g)","Introducing ERGO K860, a split ergonomic keyboard designed for better posture, less strain, and more support. You’ll type more naturally with a curved, split keyframe that improves typing posture.",publish,,0,"2022-12-23 14:00:05",1,open,65Keyb,,,no,no,30,130,,,,,,,,instock,no,no,,yes,taxable,,,,,,'-1,'-1,,,"http://localhost/ecs/wp-content/uploads/2022/12/ergo-k860-gallery-04.png ! alt :  ! title : ergo-k860-gallery-04.png ! desc :  ! caption : ",,http://localhost/ecs/product/ergo-k860/,0,simple,,"Category|Category > MICE & KEYBOARDS > Keyboards|Category > MICE & KEYBOARDS",Keyboards,,
"K580 EDITION",k580-slim-multi-device-wireless-keyboard-chromeos-edition,,90,"Dimensions
USB Receiver
Height: 0.91 in (23.1 mm)
Width: 0.74 in (18.7 mm)
Depth: 0.24 in (6.1 mm)
Weight: 0.07 oz (2 g)","Meet the K580 Multi-Device Keyboard ChromeOS Edition. It’s the ultra-slim, compact, quiet keyboard for computers, phones or tablets with a special ChromeOS layout",publish,,0,"2022-12-23 14:00:06",1,open,66Keyb,,,no,no,30,50,,,,,,,,instock,no,no,,yes,taxable,,,,,,'-1,'-1,,,"http://localhost/ecs/wp-content/uploads/2022/12/k580-gallery-1-new.png ! alt :  ! title : k580-gallery-1-new.png ! desc :  ! caption : ",,http://localhost/ecs/product/k580-slim-multi-device-wireless-keyboard-chromeos-edition/,0,simple,,"Category|Category > MICE & KEYBOARDS > Keyboards|Category > MICE & KEYBOARDS",Keyboards,,
"K845 ILLUMINATED",k845-mechanical-illuminated,,92,"Dimensions
Height: 5.00 in (127 mm)
Width: 17.13 in (435 mm)
Depth: 0.26 in (6.5 mm)
Weight: 27.51 oz (780 g)
Full-size with Numpad
Cable length: 5.91 ft (1.8 m), PVC - free cable","Meet the K845 Mechanical Illuminated, the corded keyboard that melds precise mechanics with a modern aluminum design. An adjustable angle, choice of mechanical switches, and 5 backlighting options let you work comfortably for hours.",publish,,0,"2022-12-23 14:00:07",1,open,67Keyb,,,no,no,30,80,,,,,,,,instock,no,no,,yes,taxable,,,,,,'-1,'-1,,,"http://localhost/ecs/wp-content/uploads/2022/12/k845-gallery-1-new.png ! alt :  ! title : k845-gallery-1-new.png ! desc :  ! caption : ",,http://localhost/ecs/product/k845-mechanical-illuminated/,0,simple,,"Category|Category > MICE & KEYBOARDS > Keyboards|Category > MICE & KEYBOARDS",Keyboards,,
"K600 TV KEYBOARD",k600-tv-keyboard,,94,"Dimensions
Height: 4.61 in (117 mm)
Width: 14.45 in (367 mm)
Depth: 0.79 in (20 mm)
Weight: 17.64 oz (500 g)","K600 TV Keyboard features everything you need to navigate your Smart TV or PC connected to the TV. Search, select, and control your content with the familiar typing experience, fluid gestures of the touchpad, or the point-by-point precision of the D-Pad.",publish,,0,"2022-12-23 14:00:11",1,open,68Keyb,,,no,no,30,60,,,,,,,,instock,no,no,,yes,taxable,,,,,,'-1,'-1,,,"http://localhost/ecs/wp-content/uploads/2022/12/k600-gallery-anz-wide-1.png ! alt :  ! title : k600-gallery-anz-wide-1.png ! desc :  ! caption : ",,http://localhost/ecs/product/k600-tv-keyboard/,0,simple,,"Category|Category > MICE & KEYBOARDS > Keyboards|Category > MICE & KEYBOARDS",Keyboards,,
"LOGITECH CRAFT",logitech-craft,,96,"Dimensions
Height: 5.87 in (149 mm)
Width: 16.93 in (430 mm)
Depth: 1.26 in (32 mm)
Weight: 33.86 oz (960 g)","Craft is a wireless keyboard with a premium typing experience and a versatile input dial that adapts to what you’re making — keeping you focused and in your creative flow.",publish,,0,"2022-12-23 14:00:12",1,open,69Keyb,,,no,no,30,170,,,,,,,,instock,no,no,,yes,taxable,,,,,,'-1,'-1,,,"http://localhost/ecs/wp-content/uploads/2022/12/craft-gallery-top-new.png ! alt :  ! title : craft-gallery-top-new.png ! desc :  ! caption : ",,http://localhost/ecs/product/logitech-craft/,0,simple,,"Category|Category > MICE & KEYBOARDS > Keyboards|Category > MICE & KEYBOARDS",Keyboards,,
"KEYBOARD K120",keyboard-k120,,98,"Dimensions
Height: 6.10 in (155 mm)
Width: 17.72 in (450 mm)
Depth: 0.93 in (23.5 mm)
Weight: 19.4 oz (550 g)
Cable length: 59.06 in (150 cm)","K120 Corded is reliable and durable, equipped with a number pad with an easy-to-use design that works right out of the box. Just plug in this corded keyboard via USB and go.",publish,,0,"2022-12-23 14:00:13",1,open,70Keyb,,,no,no,30,13,,,,,,,,instock,no,no,,yes,taxable,,,,,,'-1,'-1,,,"http://localhost/ecs/wp-content/uploads/2022/12/k120-gallery-01-new.png ! alt :  ! title : k120-gallery-01-new.png ! desc :  ! caption : ",,http://localhost/ecs/product/keyboard-k120/,0,simple,,"Category|Category > MICE & KEYBOARDS > Keyboards|Category > MICE & KEYBOARDS",Keyboards,,
"BRIO 500",brio-500,,100,"Dimensions
Webcam only
Height: 1.24 in (31.5 mm)
Width: 4.33 in (110 mm)
Depth: 1.24 in (31.5 mm)","Bring your best self to every meeting. Brio 500 ensures that you always look and sound natural in meetings so you can connect more genuinely with others.",publish,,0,"2022-12-23 14:00:14",1,open,71Webc,,,no,no,30,130,,,,,,,,instock,no,no,,yes,taxable,,,,,,'-1,'-1,,,"http://localhost/ecs/wp-content/uploads/2022/12/brio-500-gallery-offwhite-1.png ! alt :  ! title : brio-500-gallery-offwhite-1.png ! desc :  ! caption : ",,http://localhost/ecs/product/brio-500/,0,simple,,"Category|Category > STREAMING|Category > STREAMING > Webcams",BRIO|Webcams,,
"C930s PRO HD WEBCAM",c930s-pro-hd-webcam,,102,"Dimensions
Height: 1.70 in (43.3 mm)
Width: 3.70 in (94 mm)
Depth: 2.8 in (71 mm)
Weight: 5.71 oz (162 g)
USB-A cable length: 5 ft (1.5 m)","1080p business webcam perfect for mass deployment",publish,,0,"2022-12-23 14:00:15",1,open,72Webc,,,no,no,30,130,,,,,,,,instock,no,no,,yes,taxable,,,,,,'-1,'-1,,,"http://localhost/ecs/wp-content/uploads/2022/12/c930s-pro-webcam-gallery-front.png ! alt :  ! title : c930s-pro-webcam-gallery-front.png ! desc :  ! caption : ",,http://localhost/ecs/product/c930s-pro-hd-webcam/,0,simple,,"Category|Category > STREAMING|Category > STREAMING > Webcams",Webcams,,
"LOGITECH STREAMCAM",logitech-streamcam,,104,"Dimensions
Without mount
Height: 66 mm
Width: 58 mm
Depth: 48 mm
Weight: 150 g
With monitor mount
Height: 85 mm
Width: 58 mm
Depth: 48 mm
Weight: 222 g","Logitech StreamCam streams and records in full HD 1080p resolution at 60 fps, delivering stunning video content with smooth motion to every aspect of your online world.",publish,,0,"2022-12-23 14:00:16",1,open,73Webc,,,no,no,30,139,,,,,,,,instock,no,no,,yes,taxable,,,,,,'-1,'-1,,,"http://localhost/ecs/wp-content/uploads/2022/12/streamcam-gallery-1-graphite.png ! alt :  ! title : streamcam-gallery-1-graphite.png ! desc :  ! caption : ",,http://localhost/ecs/product/logitech-streamcam/,0,simple,,"Category|Category > STREAMING|Category > STREAMING > Webcams",Webcams,,
"LOGITECH BRIO STREAM",logitech-brio-stream,,106,"Webcam
Height: 27 mm
Width: 102 mm
Depth: 27 mm
Cable length: 2.2 m
Weight: 63 g
ATTACHABLE MOUNTING CLIP
Height: 19 mm
Width: 36 mm
Depth: 63 mm
Weight: 44 g","4K webcam with HDR and noise-canceling mics",publish,,0,"2022-12-23 14:00:17",1,open,74Webc,,,no,no,30,240,,,,,,,,instock,no,no,,yes,taxable,,,,,,'-1,'-1,,,"http://localhost/ecs/wp-content/uploads/2022/12/brio-gallery-2.png ! alt :  ! title : brio-gallery-2.png ! desc :  ! caption : ",,http://localhost/ecs/product/logitech-brio-stream/,0,simple,,"Category|Category > STREAMING|Category > STREAMING > Webcams",BRIO|Webcams,,
"C310 HD WEBCAM",c310-hd-webcam,,108,"Dimensions
Dimensions including fixed mounting clip
Height: 71.15 mm
Width: 31.3 mm
Depth: 25.95 mm
Cable length: 1.5 m
Weight: 71.2 g, including clip and cable","C310 HD Webcam gives you sharp, smooth video calling (720p/30fps) in a widescreen format. Automatic light correction for clearer, better conference calls.",publish,,0,"2022-12-23 14:00:18",1,open,75Webc,,,no,no,30,50,,,,,,,,instock,no,no,,yes,taxable,,,,,,'-1,'-1,,,"http://localhost/ecs/wp-content/uploads/2022/12/c310-gallery-1.png ! alt :  ! title : c310-gallery-1.png ! desc :  ! caption : ",,http://localhost/ecs/product/c310-hd-webcam/,0,simple,,"Category|Category > STREAMING|Category > STREAMING > Webcams",Webcams,,
"K360 WIRELESS KEYBOARD",k360-wireless-keyboard,,110,"Dimensions
Height: 156 mm
Width: 380 mm
Depth: 25 mm
Weight: 480 g (with batteries)","This compact wireless keyboard is ideal for narrower built and allows you to perform even in constricted workspaces. Equipped with a number pad and 12 easy access keys, you can be more productive -at home or at work.",publish,,0,"2022-12-23 14:00:19",1,open,76Keyb,,,no,no,30,40,,,,,,,,instock,no,no,,yes,taxable,,,,,,'-1,'-1,,,"http://localhost/ecs/wp-content/uploads/2022/12/k360-gallery-4-new.png ! alt :  ! title : k360-gallery-4-new.png ! desc :  ! caption : ",,http://localhost/ecs/product/k360-wireless-keyboard/,0,simple,,"Category|Category > MICE & KEYBOARDS > Keyboards|Category > MICE & KEYBOARDS",Keyboards,,
"K750 WIRELESS SOLAR",k750-wireless-solar-keyboard,,112,"Dimensions
Height: 158.7 mm
Width: 431.8 mm
Depth: 7.6 mm
Weight: 760 g","Meet the slim, full-sized keyboard powered by light. Designed to maximize your productivity and kick your setup into high gear, K750 features a numpad to make data entry a breeze.",publish,,0,"2022-12-23 14:00:20",1,open,77Keyb,,,no,no,30,80,,,,,,,,instock,no,no,,yes,taxable,,,,,,'-1,'-1,,,"http://localhost/ecs/wp-content/uploads/2022/12/k750-gallery-2-new.png ! alt :  ! title : k750-gallery-2-new.png ! desc :  ! caption : ",,http://localhost/ecs/product/k750-wireless-solar-keyboard/,0,simple,,"Category|Category > MICE & KEYBOARDS > Keyboards|Category > MICE & KEYBOARDS",Keyboards,,
"USB UNIFYING RECEIVER",usb-unifying-receiver,,114,"Dimensions
USB Receiver
Height: 15 mm
Width: 9 mm
Depth: 6 mm
Weight: 1.23 g","Connect up to 6 compatible keyboards and mice to one computer with a single Unifying receiver – and forget the hassle of multiple USB receivers.",publish,,0,"2022-12-23 14:00:24",1,open,78Keyb,,,no,no,30,11,,,,,,,,instock,no,no,,yes,taxable,,,,,,'-1,'-1,,,"http://localhost/ecs/wp-content/uploads/2022/12/usb-gallery-02.png ! alt :  ! title : usb-gallery-02.png ! desc :  ! caption : ",,http://localhost/ecs/product/usb-unifying-receiver/,0,simple,,"Category|Category > MICE & KEYBOARDS > Keyboards|Category > MICE & KEYBOARDS",Keyboards,,
G715,g715,,116,,"G715 Wireless Gaming Keyboard from the Aurora Collection is a compact tenkeyless mechanical keyboard that delivers low-key vibes with high-key performance. Express yourself and play your way.",publish,,0,"2022-12-23 14:00:25",1,open,79Keyb,,,no,no,30,180,90,,,,,,,instock,no,no,,yes,taxable,,,,,,'-1,'-1,,,"http://localhost/ecs/wp-content/uploads/2022/12/G715.png ! alt :  ! title : G715.png ! desc :  ! caption : ",,http://localhost/ecs/product/g715/,0,simple,featured,"Category|Category > MICE & KEYBOARDS > Keyboards|Category > MICE & KEYBOARDS",Aurora|Keyboards,,
G735,g735,,118,,"G735 Wireless Gaming Headset from the Aurora Collection maximizes comfort for all players inclusive of smaller head sizes. Get ready for adventure with gaming-grade audio, mic, and RGB technology.",publish,,0,"2022-12-23 14:00:26",1,open,80Head,,,no,no,30,200,100,,,,,,,instock,no,no,,yes,taxable,,,,,,'-1,'-1,,,"http://localhost/ecs/wp-content/uploads/2022/12/G735-e1671808445849.png ! alt :  ! title : G735.png ! desc :  ! caption : ",,http://localhost/ecs/product/g735/,0,simple,featured,"Category|Category > HEADSETS & SPEAKERS > Headsets & Earbuds|Category > HEADSETS & SPEAKERS","Aurora|Headsets &amp; Earbuds",,
G705,g705,,120,,"G705 Wireless Gaming Mouse from the Aurora Collection is shaped for smaller hands, contoured for comfort, and fully equipped for your best play experience yet. Dreamy aesthetic included.",publish,,0,"2022-12-23 14:00:27",1,open,81Mice,,,no,no,30,99,50,,,,,,,instock,no,no,,yes,taxable,,,,,,'-1,'-1,,,"http://localhost/ecs/wp-content/uploads/2022/12/G705.png ! alt :  ! title : G705.png ! desc :  ! caption : ",,http://localhost/ecs/product/g705/,0,simple,featured,"Category|Category > MICE & KEYBOARDS > Mice|Category > MICE & KEYBOARDS",Aurora|Mice,,
Aurora,aurora,,122,,"The Aurora Collection is shaped for smaller hands, contoured for comfort, and fully equipped for your best play experience yet.",publish,,0,"2022-12-23 14:00:28",1,open,82Comb,,,no,no,30,450,275,,,,,,,instock,no,no,,yes,taxable,120|116|118,,,,,'-1,'-1,,,"http://localhost/ecs/wp-content/uploads/2022/12/aurora-edition.png ! alt :  ! title : aurora-edition.png ! desc :  ! caption : ",,http://localhost/ecs/product/aurora/,0,simple,featured,"Category|Category > MICE & KEYBOARDS > Combo|Category > MICE & KEYBOARDS",Aurora|Combo,,
"G PRO Mechanical Keyboard",logitech-g-pro-mechanical-keyboard-league-of-legends-edition,,124,,"We clad our tournament-tested PRO Keyboard in the iconic League of Legends colors. Compact, tenkeyless design and pro-grade tactile switches make it a powerful weapon for League of Legends and beyond.",publish,,0,"2022-12-23 14:00:29",1,open,84Keyb,,,no,no,30,129,65,,,,,,,instock,no,no,,yes,taxable,,,,,,'-1,'-1,,,"http://localhost/ecs/wp-content/uploads/2022/12/Pro-keyboard.png ! alt :  ! title : Pro-keyboard.png ! desc :  ! caption : ",,http://localhost/ecs/product/logitech-g-pro-mechanical-keyboard-league-of-legends-edition/,0,simple,featured,"Category|Category > MICE & KEYBOARDS > Keyboards|Category > MICE & KEYBOARDS","Keyboards|League of Legends",,
"G PRO X Gaming Headset",logitech-g-pro-x-gaming-headset-league-of-legends-edition,,126,,"Built to last with a sturdy and lightweight aluminum and steel frame. Passive noise-cancelling soft memory foam earpads come with both leatherette or breathable velour offer supreme comfort for marathon League of Legends sessions.",publish,,0,"2022-12-23 14:00:31",1,open,86Head,,,no,no,30,129,65,,,,,,,instock,no,no,,yes,taxable,,,,,,'-1,'-1,,,"http://localhost/ecs/wp-content/uploads/2022/12/pro-headset.png ! alt :  ! title : pro-headset.png ! desc :  ! caption : ",,http://localhost/ecs/product/logitech-g-pro-x-gaming-headset-league-of-legends-edition/,0,simple,featured,"Category|Category > HEADSETS & SPEAKERS > Headsets & Earbuds|Category > HEADSETS & SPEAKERS","Headsets &amp; Earbuds|League of Legends",,
"G PRO Mouse",logitech-g-pro-wireless-gaming-mouse-league-of-legends-edition,,128,,"Our hit PRO mouse with iconic League of Legends design. Hextech Magic blue and Hextech Metal gold adorn the unrivaled performance and precision you need to succeed in the Summoner’s Rift.",publish,,0,"2022-12-23 14:00:32",1,open,87Mice,,,no,no,30,50,25,,,,,,,instock,no,no,,yes,taxable,,,,,,'-1,'-1,,,"http://localhost/ecs/wp-content/uploads/2022/12/pro-mouse.png ! alt :  ! title : pro-mouse.png ! desc :  ! caption : ",,http://localhost/ecs/product/logitech-g-pro-wireless-gaming-mouse-league-of-legends-edition/,0,simple,featured,"Category|Category > MICE & KEYBOARDS > Mice|Category > MICE & KEYBOARDS","League of Legends|Mice",,
"League of Legends Edition",league-of-legends-edition,,130,,"Hextech Magic blue and Hextech Metal gold adorn the unrivaled performance and precision you need to succeed in the Summoner’s Rift.",publish,,0,"2022-12-23 14:00:33",1,open,88Comb,,,no,no,30,260,130,,,,,,,instock,no,no,,yes,taxable,,,,,,'-1,'-1,,,"http://localhost/ecs/wp-content/uploads/2022/12/Lol-edition.png ! alt :  ! title : Lol-edition.png ! desc :  ! caption : ",,http://localhost/ecs/product/league-of-legends-edition/,0,simple,featured,"Category|Category > MICE & KEYBOARDS > Combo|Category > MICE & KEYBOARDS","Combo|League of Legends",,
